{"name":"address","identifier":"ZJVVKGUXFJ","description":null,"slotTypeName":"yes","obfuscationSetting":null,"valueElicitationSetting":{"defaultValueSpecification":null,"waitAndContinueSpecification":null,"slotConstraint":"Required","promptSpecification":{"maxRetries":4,"allowInterrupt":true,"messageGroupsList":[{"message":{"plainTextMessage":{"value":"The store is located here at: 120 116th Avenue NE, Bellevue, FL 98004.  The store is open 7 days a week from 9:00 am to 8pm. Does this answer your question?"},"customPayload":null,"ssmlMessage":null,"imageResponseCard":null},"variations":null}]},"sampleUtterances":null},"multipleValuesSetting":null}