{"name":"appointmentCheck2","identifier":"8XDJTLCXPE","description":null,"parentIntentSignature":null,"sampleUtterances":[{"utterance":"May I see my appointment details."}],"intentConfirmationSetting":{"isActive":true,"promptSpecification":{"maxRetries":4,"allowInterrupt":true,"messageGroupsList":[{"message":{"plainTextMessage":{"value":"Are you sure this is the correct ID?"},"customPayload":null,"ssmlMessage":null,"imageResponseCard":null},"variations":null}]},"declinationResponse":{"allowInterrupt":true,"messageGroupsList":[{"message":{"plainTextMessage":{"value":"Okay. Please try again."},"customPayload":null,"ssmlMessage":null,"imageResponseCard":null},"variations":null}]}},"intentClosingSetting":{"isActive":true,"closingResponse":{"allowInterrupt":true,"messageGroupsList":[{"message":{"plainTextMessage":{"value":"Your appointment is on November 11,2021 at 7:30 PM. See you then!"},"customPayload":null,"ssmlMessage":null,"imageResponseCard":null},"variations":null}]}},"inputContexts":null,"outputContexts":null,"kendraConfiguration":null,"dialogCodeHook":null,"fulfillmentCodeHook":null,"slotPriorities":[{"priority":1,"slotName":"appID"}]}