{"name":"appID","identifier":"FAFVQGACU5","description":null,"slotTypeName":"appointmentId2","obfuscationSetting":null,"valueElicitationSetting":{"defaultValueSpecification":null,"waitAndContinueSpecification":null,"slotConstraint":"Required","promptSpecification":{"maxRetries":4,"allowInterrupt":true,"messageGroupsList":[{"message":{"plainTextMessage":{"value":"Please provide your appointment number or ID."},"customPayload":null,"ssmlMessage":null,"imageResponseCard":null},"variations":null}]},"sampleUtterances":null},"multipleValuesSetting":null}