{"name":"checkVehicle2","identifier":"HNSTLNNA2B","description":null,"parentIntentSignature":null,"sampleUtterances":[{"utterance":"I am looking to purchase a vehicle."}],"intentConfirmationSetting":{"isActive":true,"promptSpecification":{"maxRetries":4,"allowInterrupt":true,"messageGroupsList":[{"message":{"plainTextMessage":{"value":"You selected the 2018 Ram 1500, is this correct?"},"customPayload":null,"ssmlMessage":null,"imageResponseCard":null},"variations":null}]},"declinationResponse":{"allowInterrupt":true,"messageGroupsList":[{"message":{"plainTextMessage":{"value":"Okay. Please try to request again."},"customPayload":null,"ssmlMessage":null,"imageResponseCard":null},"variations":null}]}},"intentClosingSetting":{"isActive":true,"closingResponse":{"allowInterrupt":true,"messageGroupsList":[{"message":{"plainTextMessage":{"value":"If you have any more questions feel free to ask but otherwise, have a good day!"},"customPayload":null,"ssmlMessage":null,"imageResponseCard":null},"variations":null}]}},"inputContexts":null,"outputContexts":null,"kendraConfiguration":null,"dialogCodeHook":null,"fulfillmentCodeHook":null,"slotPriorities":[{"priority":2,"slotName":"cherokeeModel"},{"priority":1,"slotName":"vehicleId"}]}