{"name":"cherokeeModel","identifier":"DS17VNMWRV","description":null,"slotTypeName":"ramModel","obfuscationSetting":null,"valueElicitationSetting":{"defaultValueSpecification":null,"waitAndContinueSpecification":null,"slotConstraint":"Required","promptSpecification":{"maxRetries":4,"allowInterrupt":true,"messageGroupsList":[{"message":{"plainTextMessage":{"value":"What car model were you looking for?"},"customPayload":null,"ssmlMessage":null,"imageResponseCard":null},"variations":null}]},"sampleUtterances":null},"multipleValuesSetting":null}