{"name":"checkModel2","identifier":"IRNPFBGO5J","description":null,"slotTypeName":"carModel","obfuscationSetting":null,"valueElicitationSetting":{"defaultValueSpecification":null,"waitAndContinueSpecification":null,"slotConstraint":"Required","promptSpecification":{"maxRetries":4,"allowInterrupt":true,"messageGroupsList":[{"message":{"plainTextMessage":{"value":"What model were you looking for?"},"customPayload":null,"ssmlMessage":null,"imageResponseCard":null},"variations":null}]},"sampleUtterances":null},"multipleValuesSetting":null}