{"name":"checkStoreInfo","identifier":"KG9JD3IQQS","description":null,"parentIntentSignature":null,"sampleUtterances":[{"utterance":"I would like more information about the store."}],"intentConfirmationSetting":{"isActive":true,"promptSpecification":{"maxRetries":4,"allowInterrupt":true,"messageGroupsList":[{"message":{"plainTextMessage":{"value":"Will that be all for store info?"},"customPayload":null,"ssmlMessage":null,"imageResponseCard":null},"variations":null}]},"declinationResponse":{"allowInterrupt":true,"messageGroupsList":[{"message":{"plainTextMessage":{"value":"Okay. Your request has not been fulfilled."},"customPayload":null,"ssmlMessage":null,"imageResponseCard":null},"variations":null}]}},"intentClosingSetting":{"isActive":true,"closingResponse":{"allowInterrupt":true,"messageGroupsList":[{"message":{"plainTextMessage":{"value":"Have a good day."},"customPayload":null,"ssmlMessage":null,"imageResponseCard":null},"variations":null}]}},"inputContexts":null,"outputContexts":null,"kendraConfiguration":null,"dialogCodeHook":null,"fulfillmentCodeHook":null,"slotPriorities":[{"priority":1,"slotName":"address"}]}