{"name":"appointmentCheck1","identifier":"APZPDMDZLX","description":"get appointmentId, appointmentDateTime, vehicleID, and reasons.","parentIntentSignature":null,"sampleUtterances":[{"utterance":"I would like to check my appointment details."},{"utterance":"I would like to check the date of my appointment."},{"utterance":"I would like to check what is the store ID."},{"utterance":"What is the vehicle ID of the appointment"}],"intentConfirmationSetting":{"isActive":true,"promptSpecification":{"maxRetries":4,"allowInterrupt":true,"messageGroupsList":[{"message":{"plainTextMessage":{"value":"Are you sure this is your appointment number?"},"customPayload":null,"ssmlMessage":null,"imageResponseCard":null},"variations":null}]},"declinationResponse":{"allowInterrupt":true,"messageGroupsList":[{"message":{"plainTextMessage":{"value":"Okay. Your request to check your appointment has been canceled. You may ask other questions if you please."},"customPayload":null,"ssmlMessage":null,"imageResponseCard":null},"variations":null}]}},"intentClosingSetting":{"isActive":true,"closingResponse":{"allowInterrupt":true,"messageGroupsList":[{"message":{"plainTextMessage":{"value":"Your appointment is on October 21, 2021 at 6:00pm. See you then!"},"customPayload":null,"ssmlMessage":null,"imageResponseCard":null},"variations":null}]}},"inputContexts":null,"outputContexts":null,"kendraConfiguration":null,"dialogCodeHook":null,"fulfillmentCodeHook":null,"slotPriorities":[{"priority":1,"slotName":"appointmentIdAsker"}]}