{"name":"appointmentIdAsker","identifier":"MMOEJPKIP0","description":null,"slotTypeName":"appointmentId","obfuscationSetting":null,"valueElicitationSetting":{"defaultValueSpecification":null,"waitAndContinueSpecification":null,"slotConstraint":"Required","promptSpecification":{"maxRetries":4,"allowInterrupt":true,"messageGroupsList":[{"message":{"plainTextMessage":{"value":"Please provide your appointment ID number."},"customPayload":null,"ssmlMessage":null,"imageResponseCard":null},"variations":null}]},"sampleUtterances":null},"multipleValuesSetting":null}