{"name":"checkVehicle","identifier":"TIUOTHNTHL","description":"Buy vehicle, (ID, year, make, model, mileage)","parentIntentSignature":null,"sampleUtterances":[{"utterance":"I am looking for a new car."}],"intentConfirmationSetting":{"isActive":true,"promptSpecification":{"maxRetries":4,"allowInterrupt":true,"messageGroupsList":[{"message":{"plainTextMessage":{"value":"Are you sure that you are looking for a Jeep Grand Cherokee? "},"customPayload":null,"ssmlMessage":null,"imageResponseCard":null},"variations":null}]},"declinationResponse":{"allowInterrupt":true,"messageGroupsList":[{"message":{"plainTextMessage":{"value":"Okay. You can keep searching for cars or ask another question."},"customPayload":null,"ssmlMessage":null,"imageResponseCard":null},"variations":null}]}},"intentClosingSetting":{"isActive":true,"closingResponse":{"allowInterrupt":true,"messageGroupsList":[{"message":{"plainTextMessage":{"value":"If you have any more questions feel free to ask but otherwise, have a good day!"},"customPayload":null,"ssmlMessage":null,"imageResponseCard":null},"variations":null}]}},"inputContexts":null,"outputContexts":null,"kendraConfiguration":null,"dialogCodeHook":null,"fulfillmentCodeHook":null,"slotPriorities":[{"priority":1,"slotName":"checkModel"},{"priority":2,"slotName":"checkModel2"}]}